cell_id,batch_id,machine_id,timestamp,temperature,pressure,machine_speed,vibration,defect_type,defect_present
CELL-0001,BATCH-001,M01,2026-10-01 00:00:00,177.76,73.19,1641.86,6.01,Scratch,1
CELL-0002,BATCH-001,M02,2026-10-02 01:00:00,190.61,100.43,1130.49,4.53,Deformation,1
CELL-0003,BATCH-001,M03,2026-10-03 02:00:00,200.44,65.72,1520.23,4.88,Scratch,1
CELL-0004,BATCH-001,M04,2026-10-04 03:00:00,185.93,48.6,1505.58,5.6,Scratch,1
CELL-0005,BATCH-001,M05,2026-10-05 04:00:00,189.11,71.11,1427.35,5.38,Scratch,1
CELL-0006,BATCH-001,M01,2026-10-06 05:00:00,237.99,79.47,1243.66,4.36,Burn mark,1
CELL-0007,BATCH-001,M02,2026-10-07 06:00:00,199.73,59.42,1723.38,3.78,Scratch,1
CELL-0008,BATCH-001,M03,2026-10-01 07:00:00,222.44,66.47,1130.78,5.07,Burn mark,1
CELL-0009,BATCH-001,M04,2026-10-02 08:00:00,254.37,78.82,1048.64,3.42,Burn mark,1
CELL-0010,BATCH-001,M05,2026-10-03 09:00:00,296.81,80.71,1214.46,5.42,Burn mark,1
CELL-0011,BATCH-001,M01,2026-10-04 10:00:00,256.48,66.15,1098.46,5.61,Porosity,1
CELL-0012,BATCH-001,M02,2026-10-05 11:00:00,212.73,85.93,1271.41,6.3,Deformation,1
CELL-0013,BATCH-001,M03,2026-10-06 12:00:00,233.22,66.91,1249.69,5.98,Burn mark,1
CELL-0014,BATCH-001,M04,2026-10-07 13:00:00,245.09,62.3,1381.83,6.23,Burn mark,1
CELL-0015,BATCH-001,M05,2026-10-01 14:00:00,216.7,72.97,1444.33,4.92,Scratch,1
CELL-0016,BATCH-001,M01,2026-10-02 15:00:00,207.23,110.38,1194.63,6.56,Deformation,1
CELL-0017,BATCH-001,M02,2026-10-03 16:00:00,187.7,73.33,992.89,8.72,Crack,1
CELL-0018,BATCH-001,M03,2026-10-04 17:00:00,201.84,50.12,1167.05,9.36,Crack,1
CELL-0019,BATCH-001,M04,2026-10-05 18:00:00,121.63,71.9,1220.36,5.61,Porosity,1
CELL-0020,BATCH-001,M05,2026-10-06 19:00:00,218.31,73.29,1520.54,5.51,Scratch,1
CELL-0021,BATCH-001,M01,2026-10-07 20:00:00,184.52,91.4,1308.61,4.74,Deformation,1
CELL-0022,BATCH-001,M02,2026-10-01 21:00:00,192.16,55.36,1244.42,9.26,Crack,1
CELL-0023,BATCH-001,M03,2026-10-02 22:00:00,171.69,90.79,1148.59,4.2,Deformation,1
CELL-0024,BATCH-001,M04,2026-10-03 23:00:00,204.3,74.78,1058.54,6.4,Deformation,1
CELL-0025,BATCH-001,M05,2026-10-04 00:00:00,183.08,61.78,1363.01,10.0,Crack,1
CELL-0026,BATCH-001,M01,2026-10-05 01:00:00,251.2,94.63,1171.15,5.3,Porosity,1
CELL-0027,BATCH-001,M02,2026-10-06 02:00:00,156.8,69.93,1315.09,3.85,Porosity,1
CELL-0028,BATCH-001,M03,2026-10-07 03:00:00,214.56,88.81,1253.42,4.98,Deformation,1
CELL-0029,BATCH-001,M04,2026-10-01 04:00:00,210.25,100.43,1204.21,3.8,Deformation,1
CELL-0030,BATCH-001,M05,2026-10-02 05:00:00,141.67,78.58,1307.72,4.05,Porosity,1
CELL-0031,BATCH-001,M01,2026-10-03 06:00:00,185.59,92.3,1178.48,5.62,Deformation,1
CELL-0032,BATCH-001,M02,2026-10-04 07:00:00,259.64,79.26,1074.36,5.68,Burn mark,1
CELL-0033,BATCH-001,M03,2026-10-05 08:00:00,266.27,57.69,1234.12,6.31,Burn mark,1
CELL-0034,BATCH-001,M04,2026-10-06 09:00:00,201.26,75.02,1577.96,5.18,Scratch,1
CELL-0035,BATCH-001,M05,2026-10-07 10:00:00,225.99,61.33,1292.65,10.22,Crack,1
CELL-0036,BATCH-001,M01,2026-10-01 11:00:00,217.08,112.89,1285.03,4.84,Deformation,1
CELL-0037,BATCH-001,M02,2026-10-02 12:00:00,237.32,74.74,1021.3,9.66,Crack,1
CELL-0038,BATCH-001,M03,2026-10-03 13:00:00,199.9,66.17,1130.62,7.89,Crack,1
CELL-0039,BATCH-001,M04,2026-10-04 14:00:00,216.44,113.97,1163.19,4.25,Deformation,1
CELL-0040,BATCH-001,M05,2026-10-05 15:00:00,168.21,69.7,909.54,4.15,Porosity,1
CELL-0041,BATCH-001,M01,2026-10-06 16:00:00,217.0,73.94,1599.3,3.43,Scratch,1
CELL-0042,BATCH-001,M02,2026-10-07 17:00:00,200.84,68.63,1581.38,5.74,Scratch,1
CELL-0043,BATCH-001,M03,2026-10-01 18:00:00,256.73,70.51,1167.38,4.52,Porosity,1
CELL-0044,BATCH-001,M04,2026-10-02 19:00:00,181.48,64.87,1306.52,9.09,Crack,1
CELL-0045,BATCH-001,M05,2026-10-03 20:00:00,262.7,59.2,1004.15,4.25,Burn mark,1
CELL-0046,BATCH-001,M01,2026-10-04 21:00:00,257.16,75.61,1362.46,6.05,Burn mark,1
CELL-0047,BATCH-001,M02,2026-10-05 22:00:00,236.66,53.08,1298.52,3.56,Porosity,1
CELL-0048,BATCH-001,M03,2026-10-06 23:00:00,238.88,68.72,965.92,7.0,Burn mark,1
CELL-0049,BATCH-001,M04,2026-10-07 00:00:00,246.29,76.33,1302.94,3.39,Deformation,1
CELL-0050,BATCH-001,M05,2026-10-01 01:00:00,182.14,66.65,1434.06,9.13,Crack,1
CELL-0051,BATCH-002,M01,2026-10-02 02:00:00,199.05,75.19,1541.29,5.44,Scratch,1
CELL-0052,BATCH-002,M02,2026-10-03 03:00:00,227.27,103.29,1202.27,5.44,Deformation,1
CELL-0053,BATCH-002,M03,2026-10-04 04:00:00,186.76,103.52,1081.12,4.89,Deformation,1
CELL-0054,BATCH-002,M04,2026-10-05 05:00:00,285.63,63.23,967.68,4.66,Porosity,1
CELL-0055,BATCH-002,M05,2026-10-06 06:00:00,174.78,79.18,1518.32,10.03,Crack,1
CELL-0056,BATCH-002,M01,2026-10-07 07:00:00,185.39,82.2,1164.39,6.87,Deformation,1
CELL-0057,BATCH-002,M02,2026-10-01 08:00:00,263.98,76.0,1127.81,2.91,Burn mark,1
CELL-0058,BATCH-002,M03,2026-10-02 09:00:00,182.65,55.7,1133.99,5.13,Porosity,1
CELL-0059,BATCH-002,M04,2026-10-03 10:00:00,251.17,93.48,1260.75,5.91,Burn mark,1
CELL-0060,BATCH-002,M05,2026-10-04 11:00:00,211.36,71.48,1775.87,5.53,Scratch,1
CELL-0061,BATCH-002,M01,2026-10-05 12:00:00,231.72,57.62,1919.96,3.05,Scratch,1
CELL-0062,BATCH-002,M02,2026-10-06 13:00:00,172.74,74.47,1028.26,5.59,Porosity,1
CELL-0063,BATCH-002,M03,2026-10-07 14:00:00,139.1,57.33,1216.54,4.57,Porosity,1
CELL-0064,BATCH-002,M04,2026-10-01 15:00:00,176.89,85.7,1031.26,10.28,Crack,1
CELL-0065,BATCH-002,M05,2026-10-02 16:00:00,187.56,91.45,1342.8,6.45,Deformation,1
CELL-0066,BATCH-002,M01,2026-10-03 17:00:00,148.2,64.94,1207.61,5.49,Porosity,1
CELL-0067,BATCH-002,M02,2026-10-04 18:00:00,237.41,86.88,1107.71,9.38,Crack,1
CELL-0068,BATCH-002,M03,2026-10-05 19:00:00,186.62,81.62,1432.93,8.56,Crack,1
CELL-0069,BATCH-002,M04,2026-10-06 20:00:00,187.46,56.58,1151.1,12.25,Crack,1
CELL-0070,BATCH-002,M05,2026-10-07 21:00:00,213.64,66.9,1248.62,8.87,Crack,1
CELL-0071,BATCH-002,M01,2026-10-01 22:00:00,238.25,80.65,1331.19,4.55,Scratch,1
CELL-0072,BATCH-002,M02,2026-10-02 23:00:00,171.19,72.69,1472.05,9.4,Crack,1
CELL-0073,BATCH-002,M03,2026-10-03 00:00:00,217.78,74.96,1608.34,5.06,Scratch,1
CELL-0074,BATCH-002,M04,2026-10-04 01:00:00,239.89,56.43,962.75,5.08,Porosity,1
CELL-0075,BATCH-002,M05,2026-10-05 02:00:00,173.09,65.23,1100.37,6.36,Porosity,1
CELL-0076,BATCH-002,M01,2026-10-06 03:00:00,206.22,109.75,1328.65,4.84,Deformation,1
CELL-0077,BATCH-002,M02,2026-10-07 04:00:00,188.52,80.08,1438.52,5.47,Deformation,1
CELL-0078,BATCH-002,M03,2026-10-01 05:00:00,161.09,77.33,1034.37,5.76,Porosity,1
CELL-0079,BATCH-002,M04,2026-10-02 06:00:00,213.8,65.99,1633.61,5.01,Scratch,1
CELL-0080,BATCH-002,M05,2026-10-03 07:00:00,166.87,59.34,1094.73,4.03,Porosity,1
CELL-0081,BATCH-002,M01,2026-10-04 08:00:00,232.06,85.26,1255.04,5.21,Porosity,1
CELL-0082,BATCH-002,M02,2026-10-05 09:00:00,193.84,62.63,1669.41,3.96,Scratch,1
CELL-0083,BATCH-002,M03,2026-10-06 10:00:00,234.86,61.25,1001.16,4.23,Burn mark,1
CELL-0084,BATCH-002,M04,2026-10-07 11:00:00,206.84,113.76,1342.56,4.42,Deformation,1
CELL-0085,BATCH-002,M05,2026-10-01 12:00:00,187.07,65.96,1852.7,3.27,Scratch,1
CELL-0086,BATCH-002,M01,2026-10-02 13:00:00,214.0,68.68,1188.96,8.72,Crack,1
CELL-0087,BATCH-002,M02,2026-10-03 14:00:00,206.81,69.86,1405.86,8.32,Crack,1
CELL-0088,BATCH-002,M03,2026-10-04 15:00:00,197.71,82.38,960.84,8.4,Crack,1
CELL-0089,BATCH-002,M04,2026-10-05 16:00:00,200.1,70.47,1532.49,5.62,Scratch,1
CELL-0090,BATCH-002,M05,2026-10-06 17:00:00,172.63,75.35,1359.07,10.54,Crack,1
CELL-0091,BATCH-002,M01,2026-10-07 18:00:00,130.44,67.32,1522.31,5.89,Scratch,1
CELL-0092,BATCH-002,M02,2026-10-01 19:00:00,241.21,87.55,1162.66,9.97,Crack,1
CELL-0093,BATCH-002,M03,2026-10-02 20:00:00,279.78,78.78,1134.95,4.66,Porosity,1
CELL-0094,BATCH-002,M04,2026-10-03 21:00:00,271.17,52.41,1022.51,2.96,Burn mark,1
CELL-0095,BATCH-002,M05,2026-10-04 22:00:00,254.0,48.29,1126.99,6.33,Burn mark,1
CELL-0096,BATCH-002,M01,2026-10-05 23:00:00,215.93,69.44,1257.61,4.97,Burn mark,1
CELL-0097,BATCH-002,M02,2026-10-06 00:00:00,127.04,63.98,927.1,5.91,Porosity,1
CELL-0098,BATCH-002,M03,2026-10-07 01:00:00,246.84,58.98,1441.77,8.19,Crack,1
CELL-0099,BATCH-002,M04,2026-10-01 02:00:00,189.72,59.41,1590.6,5.96,Scratch,1
CELL-0100,BATCH-002,M05,2026-10-02 03:00:00,251.52,73.53,1292.42,4.47,Porosity,1
CELL-0101,BATCH-003,M01,2026-10-03 04:00:00,195.28,69.23,1852.44,7.38,Scratch,1
CELL-0102,BATCH-003,M02,2026-10-04 05:00:00,188.93,58.02,1894.71,5.04,Scratch,1
CELL-0103,BATCH-003,M03,2026-10-05 06:00:00,199.17,61.0,1218.38,10.97,Crack,1
CELL-0104,BATCH-003,M04,2026-10-06 07:00:00,217.03,88.8,1089.54,5.58,Deformation,1
CELL-0105,BATCH-003,M05,2026-10-07 08:00:00,253.84,85.97,1162.06,5.13,Burn mark,1
CELL-0106,BATCH-003,M01,2026-10-01 09:00:00,217.03,85.12,1204.29,5.97,Deformation,1
CELL-0107,BATCH-003,M02,2026-10-02 10:00:00,197.44,60.44,1359.03,5.2,Scratch,1
CELL-0108,BATCH-003,M03,2026-10-03 11:00:00,184.58,75.76,1378.44,9.22,Crack,1
CELL-0109,BATCH-003,M04,2026-10-04 12:00:00,218.79,72.07,1147.53,2.89,Burn mark,1
CELL-0110,BATCH-003,M05,2026-10-05 13:00:00,249.84,84.8,1211.61,4.14,Burn mark,1
CELL-0111,BATCH-003,M01,2026-10-06 14:00:00,291.69,83.91,898.86,6.07,Burn mark,1
CELL-0112,BATCH-003,M02,2026-10-07 15:00:00,177.91,56.9,912.93,5.94,Porosity,1
CELL-0113,BATCH-003,M03,2026-10-01 16:00:00,237.66,57.41,1378.32,4.96,Porosity,1
CELL-0114,BATCH-003,M04,2026-10-02 17:00:00,200.97,61.69,1240.57,8.95,Crack,1
CELL-0115,BATCH-003,M05,2026-10-03 18:00:00,265.95,71.45,1469.27,4.93,Burn mark,1
CELL-0116,BATCH-003,M01,2026-10-04 19:00:00,205.72,87.83,1386.3,8.91,Crack,1
CELL-0117,BATCH-003,M02,2026-10-05 20:00:00,138.71,59.98,1241.96,2.26,Porosity,1
CELL-0118,BATCH-003,M03,2026-10-06 21:00:00,205.19,60.96,1695.79,3.34,Scratch,1
CELL-0119,BATCH-003,M04,2026-10-07 22:00:00,196.04,99.77,940.56,6.24,Deformation,1
CELL-0120,BATCH-003,M05,2026-10-01 23:00:00,289.94,89.84,1293.99,3.99,Burn mark,1
CELL-0121,BATCH-003,M01,2026-10-02 00:00:00,216.71,58.7,1679.47,6.44,Scratch,1
CELL-0122,BATCH-003,M02,2026-10-03 01:00:00,211.54,92.97,1255.67,4.4,Deformation,1
CELL-0123,BATCH-003,M03,2026-10-04 02:00:00,189.83,57.58,1227.53,9.35,Crack,1
CELL-0124,BATCH-003,M04,2026-10-05 03:00:00,197.6,71.14,1510.82,5.59,Scratch,1
CELL-0125,BATCH-003,M05,2026-10-06 04:00:00,207.89,90.79,1243.47,7.08,Deformation,1
CELL-0126,BATCH-003,M01,2026-10-07 05:00:00,216.4,52.93,1524.88,6.91,Scratch,1
CELL-0127,BATCH-003,M02,2026-10-01 06:00:00,214.16,117.08,1499.71,3.42,Deformation,1
CELL-0128,BATCH-003,M03,2026-10-02 07:00:00,195.22,78.23,1333.86,9.1,Crack,1
CELL-0129,BATCH-003,M04,2026-10-03 08:00:00,154.22,109.32,1382.21,4.12,Deformation,1
CELL-0130,BATCH-003,M05,2026-10-04 09:00:00,256.77,65.85,1294.92,7.27,Burn mark,1
CELL-0131,BATCH-003,M01,2026-10-05 10:00:00,190.25,99.04,1036.29,4.18,Deformation,1
CELL-0132,BATCH-003,M02,2026-10-06 11:00:00,201.43,65.22,1271.85,9.33,Crack,1
CELL-0133,BATCH-003,M03,2026-10-07 12:00:00,201.74,60.53,1083.09,6.8,Crack,1
CELL-0134,BATCH-003,M04,2026-10-01 13:00:00,225.74,65.55,1535.89,4.45,Scratch,1
CELL-0135,BATCH-003,M05,2026-10-02 14:00:00,226.61,89.99,1707.71,6.57,Scratch,1
CELL-0136,BATCH-003,M01,2026-10-03 15:00:00,164.43,84.96,1698.15,4.94,Scratch,1
CELL-0137,BATCH-003,M02,2026-10-04 16:00:00,194.62,65.6,1696.5,6.56,Scratch,1
CELL-0138,BATCH-003,M03,2026-10-05 17:00:00,235.64,75.9,1632.53,5.44,Scratch,1
CELL-0139,BATCH-003,M04,2026-10-06 18:00:00,237.95,83.02,1105.89,4.5,Burn mark,1
CELL-0140,BATCH-003,M05,2026-10-07 19:00:00,201.11,80.94,1346.13,6.53,Scratch,1
CELL-0141,BATCH-003,M01,2026-10-01 20:00:00,184.07,76.61,1271.3,10.32,Crack,1
CELL-0142,BATCH-003,M02,2026-10-02 21:00:00,217.04,71.79,1165.52,5.63,Deformation,1
CELL-0143,BATCH-003,M03,2026-10-03 22:00:00,266.81,69.62,1133.48,5.08,Burn mark,1
CELL-0144,BATCH-003,M04,2026-10-04 23:00:00,195.09,92.27,795.47,4.95,Deformation,1
CELL-0145,BATCH-003,M05,2026-10-05 00:00:00,221.61,51.55,1047.42,9.52,Crack,1
CELL-0146,BATCH-003,M01,2026-10-06 01:00:00,245.53,53.71,1616.48,6.13,Scratch,1
CELL-0147,BATCH-003,M02,2026-10-07 02:00:00,178.79,58.82,995.59,7.09,Crack,1
CELL-0148,BATCH-003,M03,2026-10-01 03:00:00,191.04,73.76,984.94,6.47,Deformation,1
CELL-0149,BATCH-003,M04,2026-10-02 04:00:00,227.77,68.41,888.24,3.76,Deformation,1
CELL-0150,BATCH-003,M05,2026-10-03 05:00:00,193.15,91.29,988.87,4.22,Deformation,1
CELL-0151,BATCH-004,M01,2026-10-04 06:00:00,242.76,69.3,1272.8,4.23,Burn mark,1
CELL-0152,BATCH-004,M02,2026-10-05 07:00:00,174.44,48.26,1084.42,4.38,Porosity,1
CELL-0153,BATCH-004,M03,2026-10-06 08:00:00,215.83,80.1,1344.42,5.17,Porosity,1
CELL-0154,BATCH-004,M04,2026-10-07 09:00:00,275.0,74.2,1158.63,3.94,Burn mark,1
CELL-0155,BATCH-004,M05,2026-10-01 10:00:00,256.52,57.49,1338.6,4.82,Burn mark,1
CELL-0156,BATCH-004,M01,2026-10-02 11:00:00,225.17,61.84,1397.36,3.25,Porosity,1
CELL-0157,BATCH-004,M02,2026-10-03 12:00:00,174.39,87.55,1287.71,6.7,Scratch,1
CELL-0158,BATCH-004,M03,2026-10-04 13:00:00,192.9,72.57,1642.67,5.04,Scratch,1
CELL-0159,BATCH-004,M04,2026-10-05 14:00:00,245.57,42.16,1330.46,10.06,Crack,1
CELL-0160,BATCH-004,M05,2026-10-06 15:00:00,187.54,65.82,1006.73,9.1,Crack,1
CELL-0161,BATCH-004,M01,2026-10-07 16:00:00,153.92,60.22,1261.24,3.3,Porosity,1
CELL-0162,BATCH-004,M02,2026-10-01 17:00:00,238.77,73.14,1136.37,4.35,Burn mark,1
CELL-0163,BATCH-004,M03,2026-10-02 18:00:00,232.41,110.7,1049.44,5.51,Deformation,1
CELL-0164,BATCH-004,M04,2026-10-03 19:00:00,243.53,81.43,1137.19,6.45,Porosity,1
CELL-0165,BATCH-004,M05,2026-10-04 20:00:00,202.94,67.77,1723.66,4.88,Scratch,1
CELL-0166,BATCH-004,M01,2026-10-05 21:00:00,211.48,77.46,1512.2,4.7,Deformation,1
CELL-0167,BATCH-004,M02,2026-10-06 22:00:00,214.9,68.76,1015.21,5.15,Porosity,1
CELL-0168,BATCH-004,M03,2026-10-07 23:00:00,207.49,84.51,882.1,4.65,Deformation,1
CELL-0169,BATCH-004,M04,2026-10-01 00:00:00,233.1,62.96,1058.3,11.3,Crack,1
CELL-0170,BATCH-004,M05,2026-10-02 01:00:00,209.99,100.33,1036.83,5.93,Deformation,1
CELL-0171,BATCH-004,M01,2026-10-03 02:00:00,243.84,63.41,1299.56,6.01,Burn mark,1
CELL-0172,BATCH-004,M02,2026-10-04 03:00:00,203.55,56.65,1257.03,9.61,Crack,1
CELL-0173,BATCH-004,M03,2026-10-05 04:00:00,266.1,79.3,1205.96,5.01,Porosity,1
CELL-0174,BATCH-004,M04,2026-10-06 05:00:00,227.1,80.29,1221.74,8.62,Crack,1
CELL-0175,BATCH-004,M05,2026-10-07 06:00:00,224.98,96.06,1090.06,4.64,Burn mark,1
CELL-0176,BATCH-004,M01,2026-10-01 07:00:00,196.14,68.46,1403.53,8.64,Crack,1
CELL-0177,BATCH-004,M02,2026-10-02 08:00:00,190.69,78.87,1389.23,5.5,Scratch,1
CELL-0178,BATCH-004,M03,2026-10-03 09:00:00,220.38,69.5,1220.6,6.3,Scratch,1
CELL-0179,BATCH-004,M04,2026-10-04 10:00:00,226.68,73.18,1906.36,5.49,Scratch,1
CELL-0180,BATCH-004,M05,2026-10-05 11:00:00,167.36,72.83,997.58,5.59,Porosity,1
CELL-0181,BATCH-004,M01,2026-10-06 12:00:00,201.65,105.65,1122.41,6.41,Deformation,1
CELL-0182,BATCH-004,M02,2026-10-07 13:00:00,301.95,63.5,1098.34,3.48,Porosity,1
CELL-0183,BATCH-004,M03,2026-10-01 14:00:00,205.74,49.15,920.8,8.7,Crack,1
CELL-0184,BATCH-004,M04,2026-10-02 15:00:00,229.92,62.32,1194.8,5.23,Burn mark,1
CELL-0185,BATCH-004,M05,2026-10-03 16:00:00,180.93,67.25,1284.46,7.47,Crack,1
CELL-0186,BATCH-004,M01,2026-10-04 17:00:00,198.06,95.54,1370.73,4.67,Deformation,1
CELL-0187,BATCH-004,M02,2026-10-05 18:00:00,247.44,64.99,1270.28,5.51,Porosity,1
CELL-0188,BATCH-004,M03,2026-10-06 19:00:00,250.03,74.7,945.15,9.18,Crack,1
CELL-0189,BATCH-004,M04,2026-10-07 20:00:00,215.92,105.49,1251.54,4.62,Deformation,1
CELL-0190,BATCH-004,M05,2026-10-01 21:00:00,254.06,54.84,1432.13,6.8,Porosity,1
CELL-0191,BATCH-004,M01,2026-10-02 22:00:00,192.75,100.84,1281.52,6.08,Deformation,1
CELL-0192,BATCH-004,M02,2026-10-03 23:00:00,231.88,79.75,1164.68,5.1,Porosity,1
CELL-0193,BATCH-004,M03,2026-10-04 00:00:00,163.9,59.39,677.88,4.13,Porosity,1
CELL-0194,BATCH-004,M04,2026-10-05 01:00:00,190.21,105.44,1302.28,6.85,Deformation,1
CELL-0195,BATCH-004,M05,2026-10-06 02:00:00,153.15,87.31,1143.26,5.55,Porosity,1
CELL-0196,BATCH-004,M01,2026-10-07 03:00:00,190.71,85.5,1247.67,4.37,Deformation,1
CELL-0197,BATCH-004,M02,2026-10-01 04:00:00,196.66,71.47,1780.98,4.18,Scratch,1
CELL-0198,BATCH-004,M03,2026-10-02 05:00:00,258.37,74.0,1166.14,5.0,Burn mark,1
CELL-0199,BATCH-004,M04,2026-10-03 06:00:00,253.82,70.46,996.02,5.75,Porosity,1
CELL-0200,BATCH-004,M05,2026-10-04 07:00:00,243.84,72.19,1237.41,6.58,Porosity,1
CELL-0201,BATCH-005,M01,2026-10-05 08:00:00,274.18,55.59,1226.33,5.41,Burn mark,1
CELL-0202,BATCH-005,M02,2026-10-06 09:00:00,265.04,79.77,1095.69,4.96,Burn mark,1
CELL-0203,BATCH-005,M03,2026-10-07 10:00:00,188.27,114.11,1365.55,6.73,Deformation,1
CELL-0204,BATCH-005,M04,2026-10-01 11:00:00,197.38,49.65,1709.82,6.08,Scratch,1
CELL-0205,BATCH-005,M05,2026-10-02 12:00:00,247.74,57.75,1213.34,6.17,Burn mark,1
CELL-0206,BATCH-005,M01,2026-10-03 13:00:00,229.58,77.08,1236.57,4.44,Porosity,1
CELL-0207,BATCH-005,M02,2026-10-04 14:00:00,195.55,83.53,1182.81,5.63,Deformation,1
CELL-0208,BATCH-005,M03,2026-10-05 15:00:00,163.06,89.33,1374.52,4.07,Deformation,1
CELL-0209,BATCH-005,M04,2026-10-06 16:00:00,224.97,84.44,1187.68,6.12,Burn mark,1
CELL-0210,BATCH-005,M05,2026-10-07 17:00:00,205.39,67.7,1706.16,5.72,Scratch,1
CELL-0211,BATCH-005,M01,2026-10-01 18:00:00,262.85,83.29,1229.48,5.71,Burn mark,1
CELL-0212,BATCH-005,M02,2026-10-02 19:00:00,171.48,76.06,976.98,9.32,Crack,1
CELL-0213,BATCH-005,M03,2026-10-03 20:00:00,202.56,63.19,1726.1,4.35,Scratch,1
CELL-0214,BATCH-005,M04,2026-10-04 21:00:00,239.26,91.15,1249.27,4.93,Deformation,1
CELL-0215,BATCH-005,M05,2026-10-05 22:00:00,215.72,99.25,1054.95,4.95,Deformation,1
CELL-0216,BATCH-005,M01,2026-10-06 23:00:00,203.26,60.88,1197.89,8.62,Crack,1
CELL-0217,BATCH-005,M02,2026-10-07 00:00:00,210.5,87.82,1468.55,5.04,Scratch,1
CELL-0218,BATCH-005,M03,2026-10-01 01:00:00,222.29,58.93,1337.9,5.55,Porosity,1
CELL-0219,BATCH-005,M04,2026-10-02 02:00:00,205.51,62.01,1871.8,5.36,Scratch,1
CELL-0220,BATCH-005,M05,2026-10-03 03:00:00,275.3,75.59,1149.69,7.41,Burn mark,1
CELL-0221,BATCH-005,M01,2026-10-04 04:00:00,202.29,104.5,1170.31,6.32,Deformation,1
CELL-0222,BATCH-005,M02,2026-10-05 05:00:00,233.71,90.4,1459.83,6.08,Deformation,1
CELL-0223,BATCH-005,M03,2026-10-06 06:00:00,193.59,74.24,1278.43,8.43,Crack,1
CELL-0224,BATCH-005,M04,2026-10-07 07:00:00,173.78,106.98,1126.55,8.09,Deformation,1
CELL-0225,BATCH-005,M05,2026-10-01 08:00:00,212.27,59.77,1561.39,3.33,Scratch,1
CELL-0226,BATCH-005,M01,2026-10-02 09:00:00,268.66,78.73,920.35,4.1,Porosity,1
CELL-0227,BATCH-005,M02,2026-10-03 10:00:00,262.1,73.47,1989.04,5.41,Scratch,1
CELL-0228,BATCH-005,M03,2026-10-04 11:00:00,247.89,87.81,955.06,4.43,Burn mark,1
CELL-0229,BATCH-005,M04,2026-10-05 12:00:00,182.24,81.37,1099.13,2.72,Deformation,1
CELL-0230,BATCH-005,M05,2026-10-06 13:00:00,137.49,73.96,1274.1,5.26,Porosity,1
CELL-0231,BATCH-005,M01,2026-10-07 14:00:00,256.48,67.09,952.43,4.95,Burn mark,1
CELL-0232,BATCH-005,M02,2026-10-01 15:00:00,232.2,53.54,1871.75,5.88,Scratch,1
CELL-0233,BATCH-005,M03,2026-10-02 16:00:00,207.49,69.13,1321.09,7.75,Crack,1
CELL-0234,BATCH-005,M04,2026-10-03 17:00:00,190.65,73.47,1192.96,9.48,Crack,1
CELL-0235,BATCH-005,M05,2026-10-04 18:00:00,196.99,104.96,1111.3,3.05,Deformation,1
CELL-0236,BATCH-005,M01,2026-10-05 19:00:00,194.81,82.34,1697.34,3.61,Scratch,1
CELL-0237,BATCH-005,M02,2026-10-06 20:00:00,185.16,56.95,1410.68,7.39,Crack,1
CELL-0238,BATCH-005,M03,2026-10-07 21:00:00,179.89,71.78,1129.84,6.79,Porosity,1
CELL-0239,BATCH-005,M04,2026-10-01 22:00:00,189.67,70.44,1414.4,5.63,Scratch,1
CELL-0240,BATCH-005,M05,2026-10-02 23:00:00,246.2,74.48,1111.69,5.01,Porosity,1
CELL-0241,BATCH-005,M01,2026-10-03 00:00:00,218.33,73.46,1749.7,2.1,Scratch,1
CELL-0242,BATCH-005,M02,2026-10-04 01:00:00,258.56,49.12,1090.1,5.51,Burn mark,1
CELL-0243,BATCH-005,M03,2026-10-05 02:00:00,255.53,63.49,1360.96,4.84,Porosity,1
CELL-0244,BATCH-005,M04,2026-10-06 03:00:00,247.94,69.73,1300.27,4.48,Burn mark,1
CELL-0245,BATCH-005,M05,2026-10-07 04:00:00,222.11,81.87,1295.81,7.86,Crack,1
CELL-0246,BATCH-005,M01,2026-10-01 05:00:00,266.78,88.15,1051.5,4.56,Porosity,1
CELL-0247,BATCH-005,M02,2026-10-02 06:00:00,193.31,72.06,1109.35,8.67,Crack,1
CELL-0248,BATCH-005,M03,2026-10-03 07:00:00,216.3,60.66,1357.04,5.57,Burn mark,1
CELL-0249,BATCH-005,M04,2026-10-04 08:00:00,242.72,77.53,1152.07,5.95,Burn mark,1
CELL-0250,BATCH-005,M05,2026-10-05 09:00:00,222.19,55.38,1375.74,11.03,Crack,1
CELL-0251,BATCH-006,M01,2026-10-06 10:00:00,180.17,73.47,1104.16,3.68,Deformation,1
CELL-0252,BATCH-006,M02,2026-10-07 11:00:00,200.83,67.68,1667.66,3.95,Scratch,1
CELL-0253,BATCH-006,M03,2026-10-01 12:00:00,205.02,63.17,1208.87,6.13,Burn mark,1
CELL-0254,BATCH-006,M04,2026-10-02 13:00:00,172.21,53.55,1753.39,7.44,Scratch,1
CELL-0255,BATCH-006,M05,2026-10-03 14:00:00,213.6,100.75,1162.1,5.39,Deformation,1
CELL-0256,BATCH-006,M01,2026-10-04 15:00:00,175.65,90.18,990.37,4.9,Deformation,1
CELL-0257,BATCH-006,M02,2026-10-05 16:00:00,259.23,93.47,1278.36,5.21,Porosity,1
CELL-0258,BATCH-006,M03,2026-10-06 17:00:00,183.42,96.63,1092.47,6.56,Deformation,1
CELL-0259,BATCH-006,M04,2026-10-07 18:00:00,230.35,67.75,1282.51,4.03,Porosity,1
CELL-0260,BATCH-006,M05,2026-10-01 19:00:00,238.38,61.04,1114.98,5.53,Porosity,1
CELL-0261,BATCH-006,M01,2026-10-02 20:00:00,183.55,68.5,1530.76,6.15,Scratch,1
CELL-0262,BATCH-006,M02,2026-10-03 21:00:00,259.44,71.39,1380.92,5.38,Porosity,1
CELL-0263,BATCH-006,M03,2026-10-04 22:00:00,185.96,63.37,1389.61,6.75,Scratch,1
CELL-0264,BATCH-006,M04,2026-10-05 23:00:00,253.53,72.65,957.27,5.38,Porosity,1
CELL-0265,BATCH-006,M05,2026-10-06 00:00:00,263.85,74.58,1354.33,5.57,Burn mark,1
CELL-0266,BATCH-006,M01,2026-10-07 01:00:00,183.29,116.45,1021.86,5.31,Deformation,1
CELL-0267,BATCH-006,M02,2026-10-01 02:00:00,198.39,105.93,1003.22,5.14,Deformation,1
CELL-0268,BATCH-006,M03,2026-10-02 03:00:00,274.49,86.23,969.46,5.27,Porosity,1
CELL-0269,BATCH-006,M04,2026-10-03 04:00:00,248.23,95.8,1079.45,6.64,Porosity,1
CELL-0270,BATCH-006,M05,2026-10-04 05:00:00,269.53,81.04,1245.4,4.47,Porosity,1
CELL-0271,BATCH-006,M01,2026-10-05 06:00:00,127.98,62.89,1112.02,4.8,Porosity,1
CELL-0272,BATCH-006,M02,2026-10-06 07:00:00,204.68,54.44,1649.63,5.83,Scratch,1
CELL-0273,BATCH-006,M03,2026-10-07 08:00:00,176.55,57.67,1704.25,6.95,Scratch,1
CELL-0274,BATCH-006,M04,2026-10-01 09:00:00,210.98,63.71,1076.25,5.16,Burn mark,1
CELL-0275,BATCH-006,M05,2026-10-02 10:00:00,260.78,60.79,1225.4,3.59,Porosity,1
CELL-0276,BATCH-006,M01,2026-10-03 11:00:00,153.29,65.01,1087.01,9.79,Crack,1
CELL-0277,BATCH-006,M02,2026-10-04 12:00:00,145.27,66.04,1263.78,5.34,Porosity,1
CELL-0278,BATCH-006,M03,2026-10-05 13:00:00,214.16,79.57,1482.1,3.67,Scratch,1
CELL-0279,BATCH-006,M04,2026-10-06 14:00:00,225.59,62.81,1396.51,5.04,Porosity,1
CELL-0280,BATCH-006,M05,2026-10-07 15:00:00,257.77,94.93,1199.09,5.84,Burn mark,1
CELL-0281,BATCH-006,M01,2026-10-01 16:00:00,192.3,74.64,1534.21,6.17,Scratch,1
CELL-0282,BATCH-006,M02,2026-10-02 17:00:00,255.35,73.22,1099.79,5.99,Burn mark,1
CELL-0283,BATCH-006,M03,2026-10-03 18:00:00,191.32,64.56,1213.1,9.55,Crack,1
CELL-0284,BATCH-006,M04,2026-10-04 19:00:00,245.5,71.98,1569.73,4.7,Burn mark,1
CELL-0285,BATCH-006,M05,2026-10-05 20:00:00,255.74,68.84,1276.54,6.0,Porosity,1
CELL-0286,BATCH-006,M01,2026-10-06 21:00:00,151.13,75.3,1189.43,5.49,Porosity,1
CELL-0287,BATCH-006,M02,2026-10-07 22:00:00,181.21,68.56,1418.55,5.6,Scratch,1
CELL-0288,BATCH-006,M03,2026-10-01 23:00:00,230.67,74.17,1096.7,4.94,Burn mark,1
CELL-0289,BATCH-006,M04,2026-10-02 00:00:00,212.92,108.74,1110.23,3.26,Deformation,1
CELL-0290,BATCH-006,M05,2026-10-03 01:00:00,187.73,66.98,1141.77,9.17,Crack,1
CELL-0291,BATCH-006,M01,2026-10-04 02:00:00,174.51,76.26,1490.09,4.3,Scratch,1
CELL-0292,BATCH-006,M02,2026-10-05 03:00:00,259.99,92.89,1043.4,4.79,Porosity,1
CELL-0293,BATCH-006,M03,2026-10-06 04:00:00,157.61,48.26,1002.46,4.93,Porosity,1
CELL-0294,BATCH-006,M04,2026-10-07 05:00:00,149.4,68.26,1141.27,4.98,Porosity,1
CELL-0295,BATCH-006,M05,2026-10-01 06:00:00,139.08,73.92,978.16,5.18,Porosity,1
CELL-0296,BATCH-006,M01,2026-10-02 07:00:00,230.12,69.69,905.98,7.06,Burn mark,1
CELL-0297,BATCH-006,M02,2026-10-03 08:00:00,186.26,65.42,1709.85,3.76,Scratch,1
CELL-0298,BATCH-006,M03,2026-10-04 09:00:00,172.56,78.86,1420.68,4.79,Deformation,1
CELL-0299,BATCH-006,M04,2026-10-05 10:00:00,259.3,71.67,1248.78,4.83,Porosity,1
CELL-0300,BATCH-006,M05,2026-10-06 11:00:00,211.76,75.09,1235.24,4.9,Scratch,1
CELL-0301,BATCH-007,M01,2026-10-07 12:00:00,187.19,71.68,1021.31,9.06,Crack,1
CELL-0302,BATCH-007,M02,2026-10-01 13:00:00,240.27,71.37,1545.2,5.18,Scratch,1
CELL-0303,BATCH-007,M03,2026-10-02 14:00:00,183.95,107.99,1052.86,3.67,Deformation,1
CELL-0304,BATCH-007,M04,2026-10-03 15:00:00,179.06,100.37,1377.86,5.72,Deformation,1
CELL-0305,BATCH-007,M05,2026-10-04 16:00:00,262.14,83.11,1012.11,4.5,Burn mark,1
CELL-0306,BATCH-007,M01,2026-10-05 17:00:00,182.77,61.2,1344.33,8.95,Crack,1
CELL-0307,BATCH-007,M02,2026-10-06 18:00:00,237.13,79.28,1208.55,5.27,Burn mark,1
CELL-0308,BATCH-007,M03,2026-10-07 19:00:00,250.82,78.29,1038.96,5.36,Porosity,1
CELL-0309,BATCH-007,M04,2026-10-01 20:00:00,179.1,50.34,1508.43,7.9,Crack,1
CELL-0310,BATCH-007,M05,2026-10-02 21:00:00,190.32,66.69,1631.57,4.84,Scratch,1
CELL-0311,BATCH-007,M01,2026-10-03 22:00:00,167.21,64.17,1174.93,5.28,Porosity,1
CELL-0312,BATCH-007,M02,2026-10-04 23:00:00,224.13,72.34,1177.95,4.64,Porosity,1
CELL-0313,BATCH-007,M03,2026-10-05 00:00:00,205.89,77.83,1118.98,5.31,Deformation,1
CELL-0314,BATCH-007,M04,2026-10-06 01:00:00,266.25,75.78,1204.57,3.51,Porosity,1
CELL-0315,BATCH-007,M05,2026-10-07 02:00:00,206.18,87.02,1636.11,7.6,Scratch,1
CELL-0316,BATCH-007,M01,2026-10-01 03:00:00,220.04,97.05,1021.03,4.77,Deformation,1
CELL-0317,BATCH-007,M02,2026-10-02 04:00:00,245.82,61.49,1112.92,5.59,Burn mark,1
CELL-0318,BATCH-007,M03,2026-10-03 05:00:00,265.18,75.84,1431.68,5.95,Burn mark,1
CELL-0319,BATCH-007,M04,2026-10-04 06:00:00,282.78,96.25,1234.64,5.24,Porosity,1
CELL-0320,BATCH-007,M05,2026-10-05 07:00:00,215.48,81.22,1295.14,9.48,Crack,1
CELL-0321,BATCH-007,M01,2026-10-06 08:00:00,234.54,91.0,1233.7,5.93,Deformation,1
CELL-0322,BATCH-007,M02,2026-10-07 09:00:00,142.12,65.88,983.32,3.34,Porosity,1
CELL-0323,BATCH-007,M03,2026-10-01 10:00:00,235.84,70.81,1567.04,4.68,Scratch,1
CELL-0324,BATCH-007,M04,2026-10-02 11:00:00,241.23,82.08,1753.61,5.59,Scratch,1
CELL-0325,BATCH-007,M05,2026-10-03 12:00:00,199.86,83.12,1767.39,4.35,Scratch,1
CELL-0326,BATCH-007,M01,2026-10-04 13:00:00,151.77,84.78,1028.75,4.81,Porosity,1
CELL-0327,BATCH-007,M02,2026-10-05 14:00:00,183.13,68.65,1272.01,7.63,Crack,1
CELL-0328,BATCH-007,M03,2026-10-06 15:00:00,215.46,103.82,1068.14,4.46,Deformation,1
CELL-0329,BATCH-007,M04,2026-10-07 16:00:00,173.45,69.84,1727.51,5.88,Scratch,1
CELL-0330,BATCH-007,M05,2026-10-01 17:00:00,224.93,73.49,988.38,3.83,Burn mark,1
CELL-0331,BATCH-007,M01,2026-10-02 18:00:00,164.36,86.76,1451.97,5.73,Porosity,1
CELL-0332,BATCH-007,M02,2026-10-03 19:00:00,241.77,75.29,1096.3,2.78,Porosity,1
CELL-0333,BATCH-007,M03,2026-10-04 20:00:00,213.88,68.97,1336.38,10.43,Crack,1
CELL-0334,BATCH-007,M04,2026-10-05 21:00:00,252.0,71.46,1130.35,4.65,Burn mark,1
CELL-0335,BATCH-007,M05,2026-10-06 22:00:00,215.32,82.27,1184.98,8.8,Crack,1
CELL-0336,BATCH-007,M01,2026-10-07 23:00:00,180.92,60.46,1439.61,3.06,Scratch,1
CELL-0337,BATCH-007,M02,2026-10-01 00:00:00,189.48,69.86,1215.25,7.87,Crack,1
CELL-0338,BATCH-007,M03,2026-10-02 01:00:00,196.62,71.11,1318.05,8.11,Crack,1
CELL-0339,BATCH-007,M04,2026-10-03 02:00:00,201.34,100.16,965.62,4.47,Deformation,1
CELL-0340,BATCH-007,M05,2026-10-04 03:00:00,208.17,69.95,1266.9,8.3,Crack,1
CELL-0341,BATCH-007,M01,2026-10-05 04:00:00,123.34,94.15,1212.0,5.35,Porosity,1
CELL-0342,BATCH-007,M02,2026-10-06 05:00:00,135.31,61.9,1230.09,6.15,Porosity,1
CELL-0343,BATCH-007,M03,2026-10-07 06:00:00,140.16,56.03,1415.78,5.21,Porosity,1
CELL-0344,BATCH-007,M04,2026-10-01 07:00:00,173.24,75.52,1164.5,10.15,Crack,1
CELL-0345,BATCH-007,M05,2026-10-02 08:00:00,241.03,90.1,1465.48,3.97,Porosity,1
CELL-0346,BATCH-007,M01,2026-10-03 09:00:00,200.42,62.72,1572.57,6.37,Scratch,1
CELL-0347,BATCH-007,M02,2026-10-04 10:00:00,187.43,101.02,1093.64,4.49,Deformation,1
CELL-0348,BATCH-007,M03,2026-10-05 11:00:00,202.45,86.25,1648.46,4.75,Scratch,1
CELL-0349,BATCH-007,M04,2026-10-06 12:00:00,192.79,75.11,1647.62,4.97,Scratch,1
CELL-0350,BATCH-007,M05,2026-10-07 13:00:00,286.57,90.19,1159.73,4.3,Burn mark,1
CELL-0351,BATCH-008,M01,2026-10-01 14:00:00,196.39,101.93,1644.81,4.25,Scratch,1
CELL-0352,BATCH-008,M02,2026-10-02 15:00:00,183.73,67.95,996.39,8.74,Crack,1
CELL-0353,BATCH-008,M03,2026-10-03 16:00:00,163.38,72.01,1654.39,6.37,Scratch,1
CELL-0354,BATCH-008,M04,2026-10-04 17:00:00,270.99,56.19,786.06,6.06,Porosity,1
CELL-0355,BATCH-008,M05,2026-10-05 18:00:00,207.6,58.81,1718.33,4.73,Scratch,1
CELL-0356,BATCH-008,M01,2026-10-06 19:00:00,189.07,89.84,1244.7,5.76,Deformation,1
CELL-0357,BATCH-008,M02,2026-10-07 20:00:00,220.07,88.72,1251.02,4.46,Deformation,1
CELL-0358,BATCH-008,M03,2026-10-01 21:00:00,205.3,69.55,1372.31,10.43,Crack,1
CELL-0359,BATCH-008,M04,2026-10-02 22:00:00,182.76,73.64,1509.49,5.28,Scratch,1
CELL-0360,BATCH-008,M05,2026-10-03 23:00:00,211.59,73.26,1629.16,4.65,Scratch,1
CELL-0361,BATCH-008,M01,2026-10-04 00:00:00,124.83,59.91,1241.51,5.73,Porosity,1
CELL-0362,BATCH-008,M02,2026-10-05 01:00:00,264.74,64.33,1210.47,6.04,Porosity,1
CELL-0363,BATCH-008,M03,2026-10-06 02:00:00,238.03,86.41,1237.38,5.42,Porosity,1
CELL-0364,BATCH-008,M04,2026-10-07 03:00:00,227.16,90.15,1437.37,5.51,Burn mark,1
CELL-0365,BATCH-008,M05,2026-10-01 04:00:00,208.07,69.76,1464.44,5.32,Scratch,1
CELL-0366,BATCH-008,M01,2026-10-02 05:00:00,273.89,58.79,1139.69,5.52,Burn mark,1
CELL-0367,BATCH-008,M02,2026-10-03 06:00:00,202.53,114.39,1049.95,4.32,Deformation,1
CELL-0368,BATCH-008,M03,2026-10-04 07:00:00,189.94,109.44,1251.39,5.22,Deformation,1
CELL-0369,BATCH-008,M04,2026-10-05 08:00:00,214.47,76.67,1018.19,9.83,Crack,1
CELL-0370,BATCH-008,M05,2026-10-06 09:00:00,192.41,58.61,1002.95,8.42,Crack,1
CELL-0371,BATCH-008,M01,2026-10-07 10:00:00,206.55,78.47,1119.7,4.91,Porosity,1
CELL-0372,BATCH-008,M02,2026-10-01 11:00:00,260.82,78.85,1350.48,7.06,Burn mark,1
CELL-0373,BATCH-008,M03,2026-10-02 12:00:00,189.28,78.08,1655.09,6.84,Scratch,1
CELL-0374,BATCH-008,M04,2026-10-03 13:00:00,162.3,67.04,959.04,9.78,Crack,1
CELL-0375,BATCH-008,M05,2026-10-04 14:00:00,213.11,110.28,1146.43,5.79,Deformation,1
CELL-0376,BATCH-008,M01,2026-10-05 15:00:00,224.77,71.15,1116.28,7.31,Crack,1
CELL-0377,BATCH-008,M02,2026-10-06 16:00:00,185.32,95.36,1252.13,6.16,Deformation,1
CELL-0378,BATCH-008,M03,2026-10-07 17:00:00,203.63,87.09,1031.94,8.89,Crack,1
CELL-0379,BATCH-008,M04,2026-10-01 18:00:00,197.25,104.53,1441.84,6.31,Deformation,1
CELL-0380,BATCH-008,M05,2026-10-02 19:00:00,211.6,82.0,1478.28,5.39,Scratch,1
CELL-0381,BATCH-008,M01,2026-10-03 20:00:00,194.87,45.97,1663.64,5.14,Scratch,1
CELL-0382,BATCH-008,M02,2026-10-04 21:00:00,257.06,69.8,1106.46,3.45,Burn mark,1
CELL-0383,BATCH-008,M03,2026-10-05 22:00:00,216.13,72.06,1172.23,7.41,Crack,1
CELL-0384,BATCH-008,M04,2026-10-06 23:00:00,195.6,49.32,1267.81,7.76,Crack,1
CELL-0385,BATCH-008,M05,2026-10-07 00:00:00,199.69,62.97,1373.85,5.12,Porosity,1
CELL-0386,BATCH-008,M01,2026-10-01 01:00:00,190.3,102.75,842.35,3.56,Deformation,1
CELL-0387,BATCH-008,M02,2026-10-02 02:00:00,257.55,68.2,1083.13,4.81,Burn mark,1
CELL-0388,BATCH-008,M03,2026-10-03 03:00:00,202.64,83.31,1229.31,9.99,Crack,1
CELL-0389,BATCH-008,M04,2026-10-04 04:00:00,144.13,71.13,1313.72,4.91,Porosity,1
CELL-0390,BATCH-008,M05,2026-10-05 05:00:00,229.61,62.91,1251.58,9.77,Crack,1
CELL-0391,BATCH-008,M01,2026-10-06 06:00:00,118.38,78.95,1127.54,5.15,Porosity,1
CELL-0392,BATCH-008,M02,2026-10-07 07:00:00,232.24,78.97,1159.72,8.11,Crack,1
CELL-0393,BATCH-008,M03,2026-10-01 08:00:00,182.24,66.93,1828.21,4.51,Scratch,1
CELL-0394,BATCH-008,M04,2026-10-02 09:00:00,166.51,61.04,1121.06,10.51,Crack,1
CELL-0395,BATCH-008,M05,2026-10-03 10:00:00,228.19,84.11,1185.21,5.02,Porosity,1
CELL-0396,BATCH-008,M01,2026-10-04 11:00:00,204.13,102.59,1257.23,5.64,Deformation,1
CELL-0397,BATCH-008,M02,2026-10-05 12:00:00,204.2,111.87,1283.82,5.92,Deformation,1
CELL-0398,BATCH-008,M03,2026-10-06 13:00:00,197.43,51.18,1517.69,5.09,Scratch,1
CELL-0399,BATCH-008,M04,2026-10-07 14:00:00,238.6,76.18,1400.37,4.86,Porosity,1
CELL-0400,BATCH-008,M05,2026-10-01 15:00:00,220.96,66.65,1489.21,4.83,Scratch,1
CELL-0401,BATCH-009,M01,2026-10-02 16:00:00,220.01,63.29,1408.87,8.75,Crack,1
CELL-0402,BATCH-009,M02,2026-10-03 17:00:00,243.82,81.21,1146.15,5.23,Deformation,1
CELL-0403,BATCH-009,M03,2026-10-04 18:00:00,163.29,106.71,1437.85,5.78,Deformation,1
CELL-0404,BATCH-009,M04,2026-10-05 19:00:00,227.94,100.87,1267.32,7.97,Crack,1
CELL-0405,BATCH-009,M05,2026-10-06 20:00:00,143.84,77.8,1396.55,6.4,Porosity,1
CELL-0406,BATCH-009,M01,2026-10-07 21:00:00,166.33,86.94,1344.73,6.62,Deformation,1
CELL-0407,BATCH-009,M02,2026-10-01 22:00:00,255.44,81.58,1059.27,5.14,Burn mark,1
CELL-0408,BATCH-009,M03,2026-10-02 23:00:00,199.08,58.53,1200.82,8.52,Crack,1
CELL-0409,BATCH-009,M04,2026-10-03 00:00:00,164.65,80.49,1074.27,4.56,Deformation,1
CELL-0410,BATCH-009,M05,2026-10-04 01:00:00,261.22,67.05,1304.54,4.67,Porosity,1
CELL-0411,BATCH-009,M01,2026-10-05 02:00:00,219.21,55.14,1279.34,2.96,Burn mark,1
CELL-0412,BATCH-009,M02,2026-10-06 03:00:00,202.66,51.94,1122.56,4.32,Porosity,1
CELL-0413,BATCH-009,M03,2026-10-07 04:00:00,221.24,90.33,1070.99,5.56,Deformation,1
CELL-0414,BATCH-009,M04,2026-10-01 05:00:00,124.77,61.35,1209.17,5.49,Porosity,1
CELL-0415,BATCH-009,M05,2026-10-02 06:00:00,178.55,72.39,1511.11,8.08,Crack,1
CELL-0416,BATCH-009,M01,2026-10-03 07:00:00,212.62,88.46,1064.69,6.06,Deformation,1
CELL-0417,BATCH-009,M02,2026-10-04 08:00:00,196.2,84.4,1095.92,9.45,Crack,1
CELL-0418,BATCH-009,M03,2026-10-05 09:00:00,202.89,54.97,1238.06,5.47,Porosity,1
CELL-0419,BATCH-009,M04,2026-10-06 10:00:00,186.43,70.76,1545.75,6.97,Scratch,1
CELL-0420,BATCH-009,M05,2026-10-07 11:00:00,257.54,69.71,1368.91,4.95,Burn mark,1
CELL-0421,BATCH-009,M01,2026-10-01 12:00:00,315.09,57.56,927.77,6.94,Burn mark,1
CELL-0422,BATCH-009,M02,2026-10-02 13:00:00,157.29,126.38,1358.41,5.22,Deformation,1
CELL-0423,BATCH-009,M03,2026-10-03 14:00:00,223.88,91.63,1262.2,6.49,Deformation,1
CELL-0424,BATCH-009,M04,2026-10-04 15:00:00,253.26,69.92,992.3,5.96,Porosity,1
CELL-0425,BATCH-009,M05,2026-10-05 16:00:00,177.95,86.5,1308.4,4.14,Deformation,1
CELL-0426,BATCH-009,M01,2026-10-06 17:00:00,289.14,67.59,1342.79,6.1,Burn mark,1
CELL-0427,BATCH-009,M02,2026-10-07 18:00:00,278.52,83.08,1120.76,6.01,Burn mark,1
CELL-0428,BATCH-009,M03,2026-10-01 19:00:00,219.06,100.13,1308.76,5.52,Deformation,1
CELL-0429,BATCH-009,M04,2026-10-02 20:00:00,203.61,71.45,1107.11,9.31,Crack,1
CELL-0430,BATCH-009,M05,2026-10-03 21:00:00,180.8,79.75,1270.55,7.14,Crack,1
CELL-0431,BATCH-009,M01,2026-10-04 22:00:00,234.5,76.72,1658.59,5.79,Scratch,1
CELL-0432,BATCH-009,M02,2026-10-05 23:00:00,229.1,70.03,1173.12,9.08,Crack,1
CELL-0433,BATCH-009,M03,2026-10-06 00:00:00,269.63,82.36,1263.97,4.66,Burn mark,1
CELL-0434,BATCH-009,M04,2026-10-07 01:00:00,216.59,93.06,1160.32,3.0,Deformation,1
CELL-0435,BATCH-009,M05,2026-10-01 02:00:00,170.45,72.58,1422.19,8.52,Crack,1
CELL-0436,BATCH-009,M01,2026-10-02 03:00:00,213.56,74.06,1395.11,8.81,Crack,1
CELL-0437,BATCH-009,M02,2026-10-03 04:00:00,208.51,92.19,1365.26,4.78,Scratch,1
CELL-0438,BATCH-009,M03,2026-10-04 05:00:00,154.73,83.7,1026.66,5.07,Porosity,1
CELL-0439,BATCH-009,M04,2026-10-05 06:00:00,227.54,66.76,1055.36,5.94,Burn mark,1
CELL-0440,BATCH-009,M05,2026-10-06 07:00:00,187.48,70.15,1343.26,7.97,Crack,1
CELL-0441,BATCH-009,M01,2026-10-07 08:00:00,208.53,65.71,1227.74,3.95,Burn mark,1
CELL-0442,BATCH-009,M02,2026-10-01 09:00:00,270.55,63.36,1176.06,5.94,Burn mark,1
CELL-0443,BATCH-009,M03,2026-10-02 10:00:00,212.07,68.3,1087.62,9.34,Crack,1
CELL-0444,BATCH-009,M04,2026-10-03 11:00:00,264.76,71.11,1269.23,5.9,Burn mark,1
CELL-0445,BATCH-009,M05,2026-10-04 12:00:00,269.31,82.36,1213.3,5.2,Porosity,1
CELL-0446,BATCH-009,M01,2026-10-05 13:00:00,204.07,67.15,1134.28,9.14,Crack,1
CELL-0447,BATCH-009,M02,2026-10-06 14:00:00,201.5,69.7,1189.04,6.11,Porosity,1
CELL-0448,BATCH-009,M03,2026-10-07 15:00:00,275.41,76.31,1232.99,3.67,Burn mark,1
CELL-0449,BATCH-009,M04,2026-10-01 16:00:00,192.07,74.83,1544.41,7.1,Scratch,1
CELL-0450,BATCH-009,M05,2026-10-02 17:00:00,212.96,77.56,1185.23,8.57,Crack,1
CELL-0451,BATCH-010,M01,2026-10-03 18:00:00,182.61,81.25,1421.59,6.64,Scratch,1
CELL-0452,BATCH-010,M02,2026-10-04 19:00:00,193.43,76.03,1118.38,8.84,Crack,1
CELL-0453,BATCH-010,M03,2026-10-05 20:00:00,231.48,71.01,1037.64,5.79,Burn mark,1
CELL-0454,BATCH-010,M04,2026-10-06 21:00:00,245.64,43.61,1316.85,2.59,Burn mark,1
CELL-0455,BATCH-010,M05,2026-10-07 22:00:00,199.61,67.37,1603.37,5.55,Scratch,1
CELL-0456,BATCH-010,M01,2026-10-01 23:00:00,221.07,62.77,1218.11,10.55,Crack,1
CELL-0457,BATCH-010,M02,2026-10-02 00:00:00,254.63,80.98,1171.24,4.31,Burn mark,1
CELL-0458,BATCH-010,M03,2026-10-03 01:00:00,192.92,64.26,1215.28,10.55,Crack,1
CELL-0459,BATCH-010,M04,2026-10-04 02:00:00,219.11,89.19,1882.35,5.79,Scratch,1
CELL-0460,BATCH-010,M05,2026-10-05 03:00:00,263.4,76.77,858.98,4.06,Porosity,1
CELL-0461,BATCH-010,M01,2026-10-06 04:00:00,206.24,96.5,1107.01,7.41,Deformation,1
CELL-0462,BATCH-010,M02,2026-10-07 05:00:00,186.1,69.59,1680.56,5.05,Scratch,1
CELL-0463,BATCH-010,M03,2026-10-01 06:00:00,186.58,76.3,1715.25,6.45,Scratch,1
CELL-0464,BATCH-010,M04,2026-10-02 07:00:00,225.63,75.58,1033.28,9.25,Crack,1
CELL-0465,BATCH-010,M05,2026-10-03 08:00:00,168.07,70.61,1265.76,3.97,Porosity,1
CELL-0466,BATCH-010,M01,2026-10-04 09:00:00,196.97,74.16,1245.16,10.75,Crack,1
CELL-0467,BATCH-010,M02,2026-10-05 10:00:00,222.29,81.14,1199.28,9.77,Crack,1
CELL-0468,BATCH-010,M03,2026-10-06 11:00:00,178.22,68.44,1205.68,9.58,Crack,1
CELL-0469,BATCH-010,M04,2026-10-07 12:00:00,263.09,71.85,1242.26,6.57,Porosity,1
CELL-0470,BATCH-010,M05,2026-10-01 13:00:00,195.78,54.43,1191.36,6.12,Porosity,1
CELL-0471,BATCH-010,M01,2026-10-02 14:00:00,183.23,99.03,1201.53,5.18,Deformation,1
CELL-0472,BATCH-010,M02,2026-10-03 15:00:00,184.77,73.1,1595.58,7.28,Scratch,1
CELL-0473,BATCH-010,M03,2026-10-04 16:00:00,200.96,98.32,1136.43,3.38,Deformation,1
CELL-0474,BATCH-010,M04,2026-10-05 17:00:00,189.89,89.27,1280.27,5.76,Deformation,1
CELL-0475,BATCH-010,M05,2026-10-06 18:00:00,258.52,70.19,1103.78,5.49,Porosity,1
CELL-0476,BATCH-010,M01,2026-10-07 19:00:00,214.4,57.07,1456.53,5.47,Scratch,1
CELL-0477,BATCH-010,M02,2026-10-01 20:00:00,249.87,85.62,1292.77,4.79,Burn mark,1
CELL-0478,BATCH-010,M03,2026-10-02 21:00:00,240.2,74.69,1408.15,5.07,Burn mark,1
CELL-0479,BATCH-010,M04,2026-10-03 22:00:00,138.85,55.43,1724.38,3.54,Porosity,1
CELL-0480,BATCH-010,M05,2026-10-04 23:00:00,185.38,72.42,944.3,8.58,Crack,1
CELL-0481,BATCH-010,M01,2026-10-05 00:00:00,186.31,77.91,904.48,9.89,Crack,1
CELL-0482,BATCH-010,M02,2026-10-06 01:00:00,183.92,77.46,1437.18,5.71,Scratch,1
CELL-0483,BATCH-010,M03,2026-10-07 02:00:00,169.2,89.83,1682.38,7.63,Scratch,1
CELL-0484,BATCH-010,M04,2026-10-01 03:00:00,246.36,71.73,1331.88,4.85,Burn mark,1
CELL-0485,BATCH-010,M05,2026-10-02 04:00:00,246.22,79.22,1180.87,6.51,Burn mark,1
CELL-0486,BATCH-010,M01,2026-10-03 05:00:00,258.18,56.74,1117.39,3.97,Burn mark,1
CELL-0487,BATCH-010,M02,2026-10-04 06:00:00,172.38,83.85,1701.57,4.63,Scratch,1
CELL-0488,BATCH-010,M03,2026-10-05 07:00:00,225.31,66.31,1128.21,9.96,Crack,1
CELL-0489,BATCH-010,M04,2026-10-06 08:00:00,236.94,82.13,1209.48,6.31,Burn mark,1
CELL-0490,BATCH-010,M05,2026-10-07 09:00:00,164.43,73.2,1124.37,8.92,Crack,1
CELL-0491,BATCH-010,M01,2026-10-01 10:00:00,163.8,44.42,1090.27,3.98,Porosity,1
CELL-0492,BATCH-010,M02,2026-10-02 11:00:00,213.59,58.51,1699.95,5.46,Scratch,1
CELL-0493,BATCH-010,M03,2026-10-03 12:00:00,228.75,58.02,1329.54,5.58,Burn mark,1
CELL-0494,BATCH-010,M04,2026-10-04 13:00:00,215.67,67.48,1110.37,10.42,Crack,1
CELL-0495,BATCH-010,M05,2026-10-05 14:00:00,242.93,59.62,1424.61,4.5,Porosity,1
CELL-0496,BATCH-010,M01,2026-10-06 15:00:00,202.67,77.51,1316.29,3.6,Deformation,1
CELL-0497,BATCH-010,M02,2026-10-07 16:00:00,209.51,68.54,1061.33,9.33,Crack,1
CELL-0498,BATCH-010,M03,2026-10-01 17:00:00,150.67,60.44,853.62,5.16,Porosity,1
CELL-0499,BATCH-010,M04,2026-10-02 18:00:00,271.64,79.96,1322.41,4.93,Burn mark,1
CELL-0500,BATCH-010,M05,2026-10-03 19:00:00,263.32,74.22,1325.84,4.38,Burn mark,1
